{
    "textures": [],
    "images": [],
    "geometries": [{
        "data": {
            "metadata": {
                "bones": 0,
                "vertices": 68,
                "version": 3,
                "normals": 12,
                "faces": 36,
                "morphTargets": 0,
                "materials": 2,
                "uvs": 0,
                "generator": "io_three"
            },
            "skinWeights": [],
            "influencesPerVertex": 2,
            "bones": [],
            "vertices": [0,-85.375,0,13.3917,-85.375,13.3917,0,-85.375,59.25,59.25,-85.375,0,45.8583,-85.375,13.3917,45.8583,-85.375,45.8583,13.3917,-85.375,45.8583,59.25,-85.375,59.25,59.25,-85.375,0,45.8583,-85.375,45.8583,59.25,-85.375,59.25,13.3917,-85.375,45.8583,13.3917,-85.375,13.3917,0,-85.375,59.25,45.8583,-85.375,13.3917,0,-85.375,0,0,-85.375,0,0,-85.375,59.25,59.25,-85.375,0,59.25,-85.375,59.25,45.8583,-85.375,13.3917,45.8583,-85.375,45.8583,13.3917,-85.375,13.3917,13.3917,-85.375,45.8583,0,-85.375,59.25,0,0,0,0,-85.375,0,0,0,59.25,0,0,59.25,0,-85.375,59.25,0,0,0,0,-85.375,0,0,0,0,0,0,59.25,59.25,-85.375,0,0,0,0,59.25,0,0,0,-85.375,0,0,-85.375,0,59.25,-85.375,0,0,0,0,59.25,0,0,59.25,0,0,59.25,0,59.25,59.25,-85.375,0,59.25,0,0,59.25,-85.375,59.25,59.25,-85.375,59.25,59.25,0,59.25,59.25,-85.375,0,59.25,0,0,59.25,0,59.25,0,-85.375,59.25,59.25,0,59.25,0,0,59.25,59.25,-85.375,59.25,59.25,-85.375,59.25,0,-85.375,59.25,59.25,0,59.25,0,0,59.25,59.25,0,59.25,0,0,0,0,0,59.25,59.25,0,0,59.25,0,0,59.25,0,59.25,0,0,0,0,0,59.25],
            "skinIndices": [],
            "normals": [0,-1,0,0,-0.999969,0,-0.999969,0,0,-1,0,0,0,0,-0.999969,0,0,-1,0.999969,0,0,1,0,0,0,0,0.999969,0,0,1,0,0.999969,0,0,1,0],
            "faces": [34,0,1,2,0,0,0,0,34,1,0,3,0,0,0,0,34,1,3,4,0,0,0,0,34,4,3,5,0,0,0,0,34,2,6,7,0,0,0,1,34,6,2,1,0,0,0,0,34,7,6,5,0,1,0,0,34,7,5,3,0,1,0,0,34,24,25,26,0,2,2,3,34,25,24,27,0,2,2,3,34,34,35,36,0,4,4,5,34,35,34,37,0,4,4,5,34,43,44,45,0,6,6,7,34,44,43,46,0,6,6,7,34,52,53,54,0,8,8,9,34,53,52,55,0,8,8,9,34,60,61,62,0,10,10,11,34,61,60,63,0,10,10,11,34,8,9,10,1,11,11,10,34,9,11,10,1,11,11,10,34,12,13,11,1,11,10,11,34,10,11,13,1,10,11,10,34,9,8,14,1,11,11,11,34,14,8,12,1,11,11,11,34,8,15,12,1,11,11,11,34,13,12,15,1,10,11,11,34,28,29,30,1,7,6,6,34,31,30,29,1,7,6,6,34,38,39,40,1,9,8,8,34,41,40,39,1,9,8,8,34,47,48,49,1,3,2,2,34,50,49,48,1,3,2,2,34,56,57,58,1,5,4,4,34,59,58,57,1,5,4,4,34,64,65,66,1,0,1,1,34,67,66,65,1,0,1,1],
            "morphTargets": [],
            "name": "group_0Geometry",
            "uvs": [],
            "animations": []
        },
        "materials": [{
            "visible": true,
            "DbgName": "Color_007",
            "DbgIndex": 0,
            "transparent": false,
            "depthWrite": true,
            "colorEmissive": [0,0,0],
            "colorDiffuse": [0.227451,0.227451,0.227451],
            "specularCoef": 50,
            "opacity": 1,
            "DbgColor": 15658734,
            "colorAmbient": [0.227451,0.227451,0.227451],
            "shading": "phong",
            "blending": "NormalBlending",
            "wireframe": false,
            "depthTest": true,
            "colorSpecular": [0.012549,0.012549,0.012549]
        },{
            "visible": true,
            "DbgName": "material",
            "DbgIndex": 1,
            "transparent": false,
            "depthWrite": true,
            "colorEmissive": [0,0,0],
            "colorDiffuse": [0.643137,0.694118,0.729412],
            "specularCoef": 50,
            "opacity": 1,
            "DbgColor": 15597568,
            "colorAmbient": [0.643137,0.694118,0.729412],
            "shading": "phong",
            "blending": "NormalBlending",
            "wireframe": false,
            "depthTest": true,
            "colorSpecular": [0.012549,0.012549,0.012549]
        }],
        "type": "Geometry",
        "uuid": "4471B9EF-3A18-3BDC-B738-2490AC004F13"
    },{
        "data": {
            "metadata": {
                "bones": 0,
                "vertices": 48,
                "version": 3,
                "normals": 6,
                "faces": 20,
                "morphTargets": 0,
                "materials": 2,
                "uvs": 0,
                "generator": "io_three"
            },
            "skinWeights": [],
            "influencesPerVertex": 2,
            "bones": [],
            "vertices": [45.8583,-93.9375,13.3917,13.3917,-93.9375,45.8583,13.3917,-93.9375,13.3917,45.8583,-93.9375,45.8583,45.8583,-93.9375,45.8583,45.8583,-93.9375,13.3917,13.3917,-93.9375,45.8583,13.3917,-93.9375,13.3917,45.8583,-93.9375,13.3917,45.8583,-93.9375,45.8583,13.3917,-93.9375,45.8583,13.3917,-93.9375,13.3917,45.8583,-85.375,45.8583,45.8583,-93.9375,13.3917,45.8583,-85.375,13.3917,45.8583,-93.9375,45.8583,45.8583,-93.9375,45.8583,45.8583,-85.375,45.8583,45.8583,-93.9375,13.3917,45.8583,-85.375,13.3917,45.8583,-85.375,13.3917,45.8583,-85.375,45.8583,13.3917,-93.9375,45.8583,45.8583,-85.375,45.8583,13.3917,-85.375,45.8583,45.8583,-93.9375,45.8583,45.8583,-93.9375,45.8583,13.3917,-93.9375,45.8583,45.8583,-85.375,45.8583,13.3917,-85.375,45.8583,13.3917,-85.375,45.8583,13.3917,-93.9375,45.8583,13.3917,-85.375,13.3917,13.3917,-93.9375,13.3917,13.3917,-85.375,45.8583,13.3917,-85.375,45.8583,13.3917,-93.9375,45.8583,13.3917,-85.375,13.3917,13.3917,-93.9375,13.3917,13.3917,-85.375,13.3917,45.8583,-93.9375,13.3917,13.3917,-85.375,13.3917,45.8583,-85.375,13.3917,13.3917,-93.9375,13.3917,13.3917,-93.9375,13.3917,45.8583,-93.9375,13.3917,13.3917,-85.375,13.3917,45.8583,-85.375,13.3917],
            "skinIndices": [],
            "normals": [0,-1,0,1,0,0,0,0,1,-1,0,0,0,0,-1,0,1,0],
            "faces": [34,0,1,2,0,0,0,0,34,1,0,3,0,0,0,0,34,12,13,14,0,1,1,1,34,13,12,15,0,1,1,1,34,22,23,24,0,2,2,2,34,23,22,25,0,2,2,2,34,31,32,33,0,3,3,3,34,32,31,34,0,3,3,3,34,40,41,42,0,4,4,4,34,41,40,43,0,4,4,4,34,4,5,6,1,5,5,5,34,7,6,5,1,5,5,5,34,16,17,18,1,3,3,3,34,19,18,17,1,3,3,3,34,26,27,28,1,4,4,4,34,29,28,27,1,4,4,4,34,35,36,37,1,1,1,1,34,38,37,36,1,1,1,1,34,44,45,46,1,2,2,2,34,47,46,45,1,2,2,2],
            "morphTargets": [],
            "name": "ID15Geometry",
            "uvs": [],
            "animations": []
        },
        "materials": [{
            "visible": true,
            "DbgName": "Color_007",
            "DbgIndex": 0,
            "transparent": false,
            "depthWrite": true,
            "colorEmissive": [0,0,0],
            "colorDiffuse": [0.227451,0.227451,0.227451],
            "specularCoef": 50,
            "opacity": 1,
            "DbgColor": 15658734,
            "colorAmbient": [0.227451,0.227451,0.227451],
            "shading": "phong",
            "blending": "NormalBlending",
            "wireframe": false,
            "depthTest": true,
            "colorSpecular": [0.012549,0.012549,0.012549]
        },{
            "visible": true,
            "DbgName": "material",
            "DbgIndex": 1,
            "transparent": false,
            "depthWrite": true,
            "colorEmissive": [0,0,0],
            "colorDiffuse": [0.643137,0.694118,0.729412],
            "specularCoef": 50,
            "opacity": 1,
            "DbgColor": 15597568,
            "colorAmbient": [0.643137,0.694118,0.729412],
            "shading": "phong",
            "blending": "NormalBlending",
            "wireframe": false,
            "depthTest": true,
            "colorSpecular": [0.012549,0.012549,0.012549]
        }],
        "type": "Geometry",
        "uuid": "62239782-99DB-3077-83D4-D4406F9ACEF3"
    }],
    "metadata": {
        "version": 4.4,
        "type": "Object",
        "generator": "io_three"
    },
    "materials": [{
        "emissive": 0,
        "depthWrite": true,
        "color": 3815994,
        "type": "MeshPhongMaterial",
        "vertexColors": false,
        "ambient": 3815994,
        "blending": "NormalBlending",
        "name": "Color_007",
        "specular": 197379,
        "uuid": "CC5C23BC-8253-3C77-8BA7-FBFF3CC282BC",